batch	kind	accession	file_level	n_sample_rows	n_papers	dois	file_format	page_url	example_download_url	dest_dir	how	skip_reason
A	AE	E-MTAB-11115	Level 2	18	1	10.1038/s41467-025-64867-0	processed .tar.gz (BioStudies Files)	https://www.ebi.ac.uk/biostudies/arrayexpress/studies/E-MTAB-11115		data/AE/E-MTAB-11115	python3 download_ae.py	
A	AE	E-MTAB-11720	Level 1+2	64	1	10.1038/s41556-025-01838-z	FASTQ (ArrayExpress FTP; not listed on BioStudies Files)	https://www.ebi.ac.uk/biostudies/arrayexpress/studies/E-MTAB-11720		data/AE/E-MTAB-11720	python3 download_ae.py	
A	AE	E-MTAB-14121	Level 2	25	1	10.1126/sciadv.adz1519	processed .tar.gz (BioStudies Files)	https://www.ebi.ac.uk/biostudies/arrayexpress/studies/E-MTAB-14121		data/AE/E-MTAB-14121	python3 download_ae.py	
A	AE	E-MTAB-6149	Level 2	45	1	10.1038/s41467-023-44560-w	processed .tar.gz (BioStudies Files)	https://www.ebi.ac.uk/biostudies/arrayexpress/studies/E-MTAB-6149		data/AE/E-MTAB-6149	python3 download_ae.py	
A	AE	E-MTAB-7407	Level 2	69	1	10.1038/s41422-021-00540-7	processed .tar.gz (BioStudies Files)	https://www.ebi.ac.uk/biostudies/arrayexpress/studies/E-MTAB-7407	https://www.ebi.ac.uk/biostudies/files/E-MTAB-7407/FCAImmP7579227.tar.gz	data/AE/E-MTAB-7407	python3 download_ae.py	
A	AE	E-MTAB-8107	Level 2	49	1	10.1038/s41467-023-44560-w	processed .tar.gz (BioStudies Files)	https://www.ebi.ac.uk/biostudies/arrayexpress/studies/E-MTAB-8107		data/AE/E-MTAB-8107	python3 download_ae.py	
D	CNP	CNP0000927	Level 2	1	1	10.1038/s41467-022-34413-3	gef/h5ad/matrix (via linked STOmics dataset)	https://db.cngb.org/data_resources/project/CNP0000927/		data/CNP/CNP0000927	SKIP — use STDS download of STDS0000140	linked_STDS_already_in_batch_B:STDS0000140
D	CNP	CNP0001417	Level 1+2	1	1	10.1038/s41467-025-58614-8	FASTQ / raw sequence reads (CNSA); expression / single-cell matrices (CNSA)	https://db.cngb.org/data_resources/project/CNP0001417/		data/CNP/CNP0001417	login CNGBdb; processed matrices only (skip FASTQ)	
D	CNP	CNP0001543	Level 2	16	16	10.1016/j.cell.2022.10.021; 10.1038/s41420-023-01569-w; 10.1038/s41467-023-40155-7; 10.1038/s41467-023-42343-x; 10.1038/s41467-025-61476-9; 10.1038/s41467-025-64867-0; 10.1038/s41586-025-08757-x; 10.1038/s42003-025-08502-0; 10.1038/s42003-026-09841-2; 10.1093/bib/bbaf644; 10.1093/bioinformatics/btae466; 10.1093/gigascience/giad097; 10.1093/gigascience/giae042; 10.1093/nar/gkad801; 10.1186/s13059-025-03697-1; 10.3390/cells12040604	gef/h5ad/matrix (via linked STOmics dataset)	https://db.cngb.org/data_resources/project/CNP0001543/		data/CNP/CNP0001543	SKIP — use STDS download of STDS0000058	linked_STDS_already_in_batch_B:STDS0000058
D	CNP	CNP0002068	Level 2	2	2	10.1093/bib/bbaf644; 10.1371/journal.pcbi.1014346	gef/h5ad/matrix (via linked STOmics dataset)	https://db.cngb.org/data_resources/project/CNP0002068/		data/CNP/CNP0002068	SKIP — use STDS download of STDS0000056	linked_STDS_already_in_batch_B:STDS0000056
D	CNP	CNP0002199	Level 2	3	3	10.1002/mco2.70713; 10.1038/s41422-023-00831-1; 10.1371/journal.pcbi.1014346	expression / single-cell matrices (CNSA)	https://db.cngb.org/data_resources/project/CNP0002199/		data/CNP/CNP0002199	login CNGBdb; processed matrices only (skip FASTQ)	
D	CNP	CNP0002310	Level 1+2	1	1	10.1136/egastro-2025-100202	FASTQ / raw sequence reads (CNSA); expression / single-cell matrices (CNSA)	https://db.cngb.org/data_resources/project/CNP0002310/		data/CNP/CNP0002310	login CNGBdb; processed matrices only (skip FASTQ)	
D	CNP	CNP0002432	Level 2	3	3	10.1002/1878-0261.13373; 10.1016/j.fmre.2022.01.036; 10.1093/bib/bbaf210	expression / single-cell matrices (CNSA)	https://db.cngb.org/data_resources/project/CNP0002432/		data/CNP/CNP0002432	login CNGBdb; processed matrices only (skip FASTQ)	
D	CNP	CNP0002535	Level 1+2	1	1	10.1002/advs.202203040	FASTQ / raw sequence reads (CNSA); expression / single-cell matrices (CNSA)	https://db.cngb.org/data_resources/project/CNP0002535/		data/CNP/CNP0002535	login CNGBdb; processed matrices only (skip FASTQ)	
D	CNP	CNP0002543	Level 2	1	1	10.1002/advs.202203040	expression / single-cell matrices (CNSA)	https://db.cngb.org/data_resources/project/CNP0002543/		data/CNP/CNP0002543	login CNGBdb; processed matrices only (skip FASTQ)	
D	CNP	CNP0002590	Level 2	1	1	10.3389/fgene.2022.858808	gef/h5ad/matrix (via linked STOmics dataset)	https://db.cngb.org/data_resources/project/CNP0002590/		data/CNP/CNP0002590	SKIP — use STDS download of STDS0000062	linked_STDS_already_in_batch_B:STDS0000062
D	CNP	CNP0002742	Level 1+2	2	2	10.1038/s41421-024-00733-5; 10.1038/s41421-024-00734-4	FASTQ / raw sequence reads (CNSA); expression / single-cell matrices (CNSA)	https://db.cngb.org/data_resources/project/CNP0002742/		data/CNP/CNP0002742	login CNGBdb; processed matrices only (skip FASTQ)	
D	CNP	CNP0002781	Level 1+2	1	1	10.1038/s41421-024-00656-1	FASTQ / raw sequence reads (CNSA); expression / single-cell matrices (CNSA)	https://db.cngb.org/data_resources/project/CNP0002781/		data/CNP/CNP0002781	login CNGBdb; processed matrices only (skip FASTQ)	
D	CNP	CNP0002966	Level 1+2	1	1	10.1038/s41467-022-35288-0	FASTQ / raw sequence reads (CNSA); expression / single-cell matrices (CNSA)	https://db.cngb.org/data_resources/project/CNP0002966/		data/CNP/CNP0002966	login CNGBdb; processed matrices only (skip FASTQ)	
D	CNP	CNP0002978	Level 1+2	2	2	10.1038/s41421-024-00733-5; 10.1038/s41421-024-00734-4	FASTQ / raw sequence reads (CNSA); expression / single-cell matrices (CNSA)	https://db.cngb.org/data_resources/project/CNP0002978/		data/CNP/CNP0002978	login CNGBdb; processed matrices only (skip FASTQ)	
D	CNP	CNP0003197	Level 1+2	1	1	10.1038/s41467-025-58614-8	FASTQ / raw sequence reads (CNSA); expression / single-cell matrices (CNSA)	https://db.cngb.org/data_resources/project/CNP0003197/		data/CNP/CNP0003197	login CNGBdb; processed matrices only (skip FASTQ)	
D	CNP	CNP0003361	Level 1+2	1	1	10.1002/ctm2.1515	FASTQ / raw sequence reads (CNSA); expression / single-cell matrices (CNSA)	https://db.cngb.org/data_resources/project/CNP0003361/		data/CNP/CNP0003361	login CNGBdb; processed matrices only (skip FASTQ)	
D	CNP	CNP0003724	Level 1+2	1	1	10.1002/imt2.70097	FASTQ / raw sequence reads (CNSA); expression / single-cell matrices (CNSA)	https://db.cngb.org/data_resources/project/CNP0003724/		data/CNP/CNP0003724	login CNGBdb; processed matrices only (skip FASTQ)	
D	CNP	CNP0003986	Level 1+2	1	1	10.1073/pnas.2310163120	FASTQ / raw sequence reads (CNSA); expression / single-cell matrices (CNSA)	https://db.cngb.org/data_resources/project/CNP0003986/		data/CNP/CNP0003986	login CNGBdb; processed matrices only (skip FASTQ)	
D	CNP	CNP0004138	Level 2	1	1	10.1016/j.xcrm.2023.101231	expression / single-cell matrices (CNSA)	https://db.cngb.org/data_resources/project/CNP0004138/		data/CNP/CNP0004138	login CNGBdb; processed matrices only (skip FASTQ)	
D	CNP	CNP0004192	Level 1+2	1	1	10.1016/j.isci.2024.108941	FASTQ / raw sequence reads (CNSA); expression matrix/h5ad/gef	https://db.cngb.org/data_resources/project/CNP0004192/		data/CNP/CNP0004192	login CNGBdb; processed matrices only (skip FASTQ)	
D	CNP	CNP0004214	Level 1+2	1	1	10.1038/s41421-024-00747-z	FASTQ / raw sequence reads (CNSA); expression / single-cell matrices (CNSA)	https://db.cngb.org/data_resources/project/CNP0004214/		data/CNP/CNP0004214	login CNGBdb; processed matrices only (skip FASTQ)	
D	CNP	CNP0004228	Level 1+2	2	2	10.1038/s41467-026-69290-7; 10.1126/sciadv.adi9035	FASTQ / raw sequence reads (CNSA); expression / single-cell matrices (CNSA)	https://db.cngb.org/data_resources/project/CNP0004228/		data/CNP/CNP0004228	login CNGBdb; processed matrices only (skip FASTQ)	
D	CNP	CNP0004319	Level 2	1	1	10.1038/s41467-025-58511-0	expression / single-cell matrices (CNSA)	https://db.cngb.org/data_resources/project/CNP0004319/		data/CNP/CNP0004319	login CNGBdb; processed matrices only (skip FASTQ)	
D	CNP	CNP0004336	Level 1+2	1	1	10.1038/s41467-024-50737-8	FASTQ / raw sequence reads (CNSA); expression / single-cell matrices (CNSA)	https://db.cngb.org/data_resources/project/CNP0004336/		data/CNP/CNP0004336	login CNGBdb; processed matrices only (skip FASTQ)	
D	CNP	CNP0004437	Level 1+2	2	2	10.1038/s41467-025-62988-0; 10.46471/gigabyte.111	FASTQ / raw sequence reads (CNSA); expression matrix/h5ad/gef	https://db.cngb.org/data_resources/project/CNP0004437/		data/CNP/CNP0004437	login CNGBdb; processed matrices only (skip FASTQ)	
D	CNP	CNP0004708	Level 1+2	2	2	10.1016/j.crmeth.2025.101205; 10.1016/j.isci.2024.109009	FASTQ / raw sequence reads (CNSA); expression / single-cell matrices (CNSA)	https://db.cngb.org/data_resources/project/CNP0004708/		data/CNP/CNP0004708	login CNGBdb; processed matrices only (skip FASTQ)	
D	CNP	CNP0004755	Level 2	1	1	10.1016/j.gendis.2024.101304	expression / single-cell matrices (CNSA)	https://db.cngb.org/data_resources/project/CNP0004755/		data/CNP/CNP0004755	login CNGBdb; processed matrices only (skip FASTQ)	
D	CNP	CNP0004894	Level 1+2	1	1	10.1007/s10238-026-02090-x	FASTQ / raw sequence reads (CNSA); expression / single-cell matrices (CNSA)	https://db.cngb.org/data_resources/project/CNP0004894/		data/CNP/CNP0004894	login CNGBdb; processed matrices only (skip FASTQ)	
D	CNP	CNP0004966	Level 1+2	1	1	10.1038/s41421-024-00740-6	FASTQ / raw sequence reads (CNSA); expression / single-cell matrices (CNSA)	https://db.cngb.org/data_resources/project/CNP0004966/		data/CNP/CNP0004966	login CNGBdb; processed matrices only (skip FASTQ)	
D	CNP	CNP0005053	Level 1+2	1	1	10.1111/nph.70160	FASTQ / raw sequence reads (CNSA); expression / single-cell matrices (CNSA)	https://db.cngb.org/data_resources/project/CNP0005053/		data/CNP/CNP0005053	login CNGBdb; processed matrices only (skip FASTQ)	
D	CNP	CNP0005078	Level 2	1	1	10.1038/s41421-024-00656-1	expression / single-cell matrices (CNSA)	https://db.cngb.org/data_resources/project/CNP0005078/		data/CNP/CNP0005078	login CNGBdb; processed matrices only (skip FASTQ)	
D	CNP	CNP0005220	Level 2	1	1	10.1016/j.xcrm.2024.101914	expression / single-cell matrices (CNSA)	https://db.cngb.org/data_resources/project/CNP0005220/		data/CNP/CNP0005220	login CNGBdb; processed matrices only (skip FASTQ)	
D	CNP	CNP0005245	Level 1+2	1	1	10.1038/s41467-025-59070-0	FASTQ / raw sequence reads (CNSA); expression / single-cell matrices (CNSA)	https://db.cngb.org/data_resources/project/CNP0005245/		data/CNP/CNP0005245	login CNGBdb; processed matrices only (skip FASTQ)	
D	CNP	CNP0005291	Level 2	1	1	10.1002/advs.202405914	expression / single-cell matrices (CNSA)	https://db.cngb.org/data_resources/project/CNP0005291/		data/CNP/CNP0005291	login CNGBdb; processed matrices only (skip FASTQ)	
D	CNP	CNP0005294	Level 1+2	1	1	10.1002/advs.202405914	FASTQ / raw sequence reads (CNSA); expression / single-cell matrices (CNSA)	https://db.cngb.org/data_resources/project/CNP0005294/		data/CNP/CNP0005294	login CNGBdb; processed matrices only (skip FASTQ)	
D	CNP	CNP0005537	Level 1+2	1	1	10.1073/pnas.2417445122	FASTQ / raw sequence reads (CNSA); expression / single-cell matrices (CNSA)	https://db.cngb.org/data_resources/project/CNP0005537/		data/CNP/CNP0005537	login CNGBdb; processed matrices only (skip FASTQ)	
D	CNP	CNP0005559	Level 1+2	1	1	10.1016/j.ebiom.2024.105363	FASTQ / raw sequence reads (CNSA); expression / single-cell matrices (CNSA)	https://db.cngb.org/data_resources/project/CNP0005559/		data/CNP/CNP0005559	login CNGBdb; processed matrices only (skip FASTQ)	
D	CNP	CNP0005580	Level 2	1	1	10.1002/imt2.272	expression / single-cell matrices (CNSA)	https://db.cngb.org/data_resources/project/CNP0005580/		data/CNP/CNP0005580	login CNGBdb; processed matrices only (skip FASTQ)	
D	CNP	CNP0005627	Level 1+2	1	1	10.1038/s41467-024-53756-7	FASTQ / raw sequence reads (CNSA); expression / single-cell matrices (CNSA)	https://db.cngb.org/data_resources/project/CNP0005627/		data/CNP/CNP0005627	login CNGBdb; processed matrices only (skip FASTQ)	
D	CNP	CNP0005654	Level 1+2	1	1	10.1016/j.isci.2025.113626	FASTQ / raw sequence reads (CNSA); expression / single-cell matrices (CNSA)	https://db.cngb.org/data_resources/project/CNP0005654/		data/CNP/CNP0005654	login CNGBdb; processed matrices only (skip FASTQ)	
D	CNP	CNP0005824	Level 2	1	1	10.1038/s41392-025-02143-9	expression / single-cell matrices (CNSA)	https://db.cngb.org/data_resources/project/CNP0005824/		data/CNP/CNP0005824	login CNGBdb; processed matrices only (skip FASTQ)	
D	CNP	CNP0005964	Level 1+2	1	1	10.1038/s41467-026-69518-6	FASTQ / raw sequence reads (CNSA); expression / single-cell matrices (CNSA)	https://db.cngb.org/data_resources/project/CNP0005964/		data/CNP/CNP0005964	login CNGBdb; processed matrices only (skip FASTQ)	
D	CNP	CNP0006024	Level 2	1	1	10.1016/j.xcrm.2024.101914	expression / single-cell matrices (CNSA)	https://db.cngb.org/data_resources/project/CNP0006024/		data/CNP/CNP0006024	login CNGBdb; processed matrices only (skip FASTQ)	
D	CNP	CNP0006081	Level 1+2	1	1	10.1073/pnas.2420466122	FASTQ / raw sequence reads (CNSA); expression / single-cell matrices (CNSA)	https://db.cngb.org/data_resources/project/CNP0006081/		data/CNP/CNP0006081	login CNGBdb; processed matrices only (skip FASTQ)	
D	CNP	CNP0006169	Level 2	1	1	10.1002/advs.202411126	expression / single-cell matrices (CNSA)	https://db.cngb.org/data_resources/project/CNP0006169/		data/CNP/CNP0006169	login CNGBdb; processed matrices only (skip FASTQ)	
D	CNP	CNP0007731	Level 2	1	1	10.1093/bib/bbaf718	expression / single-cell matrices (CNSA)	https://db.cngb.org/data_resources/project/CNP0007731/		data/CNP/CNP0007731	login CNGBdb; processed matrices only (skip FASTQ)	
D	CNP	CNP0008257	Level 1+2	1	1	10.1093/gigascience/giag023	FASTQ / raw sequence reads (CNSA); expression / single-cell matrices (CNSA)	https://db.cngb.org/data_resources/project/CNP0008257/		data/CNP/CNP0008257	login CNGBdb; processed matrices only (skip FASTQ)	
E	GSE	GSE107451	Level 2	8	1	10.1038/s41467-025-58614-8	mtx matrix (GEO)	https://www.ncbi.nlm.nih.gov/geo/query/acc.cgi?acc=GSE107451		data/GSE/GSE107451	python3 download_geo.py	
E	GSE	GSE109796	Level 2	8	1	10.3389/fcell.2023.1112062	GEO Series supplementary / expression matrices (typical; verify on page)	https://www.ncbi.nlm.nih.gov/geo/query/acc.cgi?acc=GSE109796		data/GSE/GSE109796	python3 download_geo.py	
E	GSE	GSE110686	Level 2	2	1	10.1038/s41467-023-44560-w	mtx matrix (GEO)	https://www.ncbi.nlm.nih.gov/geo/query/acc.cgi?acc=GSE110686		data/GSE/GSE110686	python3 download_geo.py	
E	GSE	GSE111672	Level 2	72	9	10.1038/s41467-023-37168-7; 10.1038/s41467-024-47152-4; 10.1038/s41467-025-62988-0; 10.1038/s42003-026-09841-2; 10.1093/bioinformatics/btae663; 10.1093/nar/gkaf1484; 10.1186/s12859-024-06003-1; 10.1186/s13073-025-01441-9; 10.1371/journal.pcbi.1013354	GEO Series supplementary / expression matrices (typical; verify on page)	https://www.ncbi.nlm.nih.gov/geo/query/acc.cgi?acc=GSE111672		data/GSE/GSE111672	python3 download_geo.py	
E	GSE	GSE112369	Level 2	8	1	10.1158/2159-8290.CD-25-0778	GEO Series supplementary / expression matrices (typical; verify on page)	https://www.ncbi.nlm.nih.gov/geo/query/acc.cgi?acc=GSE112369		data/GSE/GSE112369	python3 download_geo.py	
E	GSE	GSE112393	Level 2	24	3	10.1016/j.crmeth.2025.101205; 10.1038/s41467-022-35288-0; 10.1038/s41592-024-02284-9	GEO Series supplementary / expression matrices (typical; verify on page)	https://www.ncbi.nlm.nih.gov/geo/query/acc.cgi?acc=GSE112393		data/GSE/GSE112393	python3 download_geo.py	
E	GSE	GSE113576	Level 2	12	2	10.1038/s41467-022-35288-0; 10.1093/nar/gkaf1484	mtx matrix (GEO)	https://www.ncbi.nlm.nih.gov/geo/query/acc.cgi?acc=GSE113576		data/GSE/GSE113576	python3 download_geo.py	
E	GSE	GSE114727	Level 2	8	1	10.1038/s41467-023-44560-w	GEO Series supplementary / expression matrices (typical; verify on page)	https://www.ncbi.nlm.nih.gov/geo/query/acc.cgi?acc=GSE114727		data/GSE/GSE114727	python3 download_geo.py	
E	GSE	GSE115469	Level 2	5	1	10.1097/HC9.0000000000000662	GEO Series supplementary / expression matrices (typical; verify on page)	https://www.ncbi.nlm.nih.gov/geo/query/acc.cgi?acc=GSE115469		data/GSE/GSE115469	python3 download_geo.py	
E	GSE	GSE115746	Level 2	32	4	10.1002/advs.202413124; 10.1038/s41467-024-47152-4; 10.1101/gr.280532.125; 10.1186/s12859-024-06003-1	GEO Series supplementary / expression matrices (typical; verify on page)	https://www.ncbi.nlm.nih.gov/geo/query/acc.cgi?acc=GSE115746		data/GSE/GSE115746	python3 download_geo.py	
E	GSE	GSE115978	Level 2	32	4	10.1038/s41467-023-44560-w; 10.1038/s41467-024-54710-3; 10.1038/s41586-022-05242-7; 10.1186/s13073-025-01441-9	GEO Series supplementary / expression matrices (typical; verify on page)	https://www.ncbi.nlm.nih.gov/geo/query/acc.cgi?acc=GSE115978		data/GSE/GSE115978	python3 download_geo.py	
E	GSE	GSE116250	Level 2	8	1	10.1371/journal.pone.0349040	GEO Series supplementary / expression matrices (typical; verify on page)	https://www.ncbi.nlm.nih.gov/geo/query/acc.cgi?acc=GSE116250		data/GSE/GSE116250	python3 download_geo.py	
E	GSE	GSE116470	Level 2	8	1	10.1093/nar/gkaf1484	GEO Series supplementary / expression matrices (typical; verify on page)	https://www.ncbi.nlm.nih.gov/geo/query/acc.cgi?acc=GSE116470		data/GSE/GSE116470	python3 download_geo.py	
E	GSE	GSE118020	Level 2	8	1	10.1126/sciadv.abq0990	GEO Series supplementary / expression matrices (typical; verify on page)	https://www.ncbi.nlm.nih.gov/geo/query/acc.cgi?acc=GSE118020		data/GSE/GSE118020	python3 download_geo.py	
E	GSE	GSE118068	Level 2	8	1	10.1038/s41421-024-00656-1	GEO Series supplementary / expression matrices (typical; verify on page)	https://www.ncbi.nlm.nih.gov/geo/query/acc.cgi?acc=GSE118068		data/GSE/GSE118068	python3 download_geo.py	
E	GSE	GSE120268	Level 2	4	1	10.1101/gr.279857.124	GEO Series supplementary / expression matrices (typical; verify on page)	https://www.ncbi.nlm.nih.gov/geo/query/acc.cgi?acc=GSE120268		data/GSE/GSE120268	python3 download_geo.py	
E	GSE	GSE121891	Level 2	30	5	10.1002/advs.202413124; 10.1016/j.cell.2022.10.021; 10.1038/s41592-024-02284-9; 10.1186/s12859-024-06003-1; 10.1186/s13073-025-01441-9	GEO Series supplementary / expression matrices (typical; verify on page)	https://www.ncbi.nlm.nih.gov/geo/query/acc.cgi?acc=GSE121891		data/GSE/GSE121891	python3 download_geo.py	
E	GSE	GSE123814	Level 2	8	1	10.1038/s41592-026-03071-4	GEO Series supplementary / expression matrices (typical; verify on page)	https://www.ncbi.nlm.nih.gov/geo/query/acc.cgi?acc=GSE123814		data/GSE/GSE123814	python3 download_geo.py	
E	GSE	GSE124362	Level 2	8	1	10.1002/advs.202405914	GEO Series supplementary / expression matrices (typical; verify on page)	https://www.ncbi.nlm.nih.gov/geo/query/acc.cgi?acc=GSE124362		data/GSE/GSE124362	python3 download_geo.py	
E	GSE	GSE127003	Level 2	8	1	10.1016/j.xcrm.2025.102140	GEO Series supplementary / expression matrices (typical; verify on page)	https://www.ncbi.nlm.nih.gov/geo/query/acc.cgi?acc=GSE127003		data/GSE/GSE127003	python3 download_geo.py	
E	GSE	GSE130268	Level 2	8	1	10.1038/s41586-025-08880-9	GEO Series supplementary / expression matrices (typical; verify on page)	https://www.ncbi.nlm.nih.gov/geo/query/acc.cgi?acc=GSE130268		data/GSE/GSE130268	python3 download_geo.py	
E	GSE	GSE130664	Level 2	8	1	10.1111/acel.70288	GEO Series supplementary / expression matrices (typical; verify on page)	https://www.ncbi.nlm.nih.gov/geo/query/acc.cgi?acc=GSE130664		data/GSE/GSE130664	python3 download_geo.py	
E	GSE	GSE130682	Level 2	3	1	10.1016/j.cell.2022.10.021	GEO Series supplementary / expression matrices (typical; verify on page)	https://www.ncbi.nlm.nih.gov/geo/query/acc.cgi?acc=GSE130682		data/GSE/GSE130682	python3 download_geo.py	
E	GSE	GSE131155	Level 2	8	1	10.1038/s42003-025-08502-0	GEO Series supplementary / expression matrices (typical; verify on page)	https://www.ncbi.nlm.nih.gov/geo/query/acc.cgi?acc=GSE131155		data/GSE/GSE131155	python3 download_geo.py	
E	GSE	GSE131498	Level 2	3	1	10.1038/s42003-025-08502-0	GEO Series supplementary / expression matrices (typical; verify on page)	https://www.ncbi.nlm.nih.gov/geo/query/acc.cgi?acc=GSE131498		data/GSE/GSE131498	python3 download_geo.py	
E	GSE	GSE131907	Level 2	16	2	10.1002/1878-0261.13373; 10.1126/sciadv.ady8546	GEO Series supplementary / expression matrices (typical; verify on page)	https://www.ncbi.nlm.nih.gov/geo/query/acc.cgi?acc=GSE131907		data/GSE/GSE131907	python3 download_geo.py	
E	GSE	GSE132188	Level 2	4	1	10.1038/s41586-024-08453-2	h5ad matrix (GEO); h5 matrix (GEO)	https://www.ncbi.nlm.nih.gov/geo/query/acc.cgi?acc=GSE132188		data/GSE/GSE132188	python3 download_geo.py	
E	GSE	GSE132465	Level 2	8	1	10.1038/s41467-025-60575-x	GEO Series supplementary / expression matrices (typical; verify on page)	https://www.ncbi.nlm.nih.gov/geo/query/acc.cgi?acc=GSE132465		data/GSE/GSE132465	python3 download_geo.py	
E	GSE	GSE132771	Level 2	8	1	10.1126/sciadv.adz1519	GEO Series supplementary / expression matrices (typical; verify on page)	https://www.ncbi.nlm.nih.gov/geo/query/acc.cgi?acc=GSE132771		data/GSE/GSE132771	python3 download_geo.py	
E	GSE	GSE134355	Level 2	8	1	10.1097/HC9.0000000000000662	GEO Series supplementary / expression matrices (typical; verify on page)	https://www.ncbi.nlm.nih.gov/geo/query/acc.cgi?acc=GSE134355		data/GSE/GSE134355	python3 download_geo.py	
E	GSE	GSE13507	Level 2	8	1	10.1093/jmcb/mjaf032	GEO Series supplementary / expression matrices (typical; verify on page)	https://www.ncbi.nlm.nih.gov/geo/query/acc.cgi?acc=GSE13507		data/GSE/GSE13507	python3 download_geo.py	
E	GSE	GSE135222	Level 2	8	1	10.1038/s41421-025-00861-6	GEO Series supplementary / expression matrices (typical; verify on page)	https://www.ncbi.nlm.nih.gov/geo/query/acc.cgi?acc=GSE135222		data/GSE/GSE135222	python3 download_geo.py	
E	GSE	GSE135893	Level 2	16	2	10.1016/j.heliyon.2023.e22461; 10.1126/sciadv.adz1519	mtx matrix (GEO)	https://www.ncbi.nlm.nih.gov/geo/query/acc.cgi?acc=GSE135893		data/GSE/GSE135893	python3 download_geo.py	
E	GSE	GSE136103	Level 2	1	1	10.1097/HC9.0000000000000662	GEO Series supplementary / expression matrices (typical; verify on page)	https://www.ncbi.nlm.nih.gov/geo/query/acc.cgi?acc=GSE136103		data/GSE/GSE136103	python3 download_geo.py	
E	GSE	GSE136679	Level 2	8	1	10.1136/egastro-2025-100202	GEO Series supplementary / expression matrices (typical; verify on page)	https://www.ncbi.nlm.nih.gov/geo/query/acc.cgi?acc=GSE136679		data/GSE/GSE136679	python3 download_geo.py	
E	GSE	GSE137105	Level 2	8	1	10.1186/s13059-024-03469-3	GEO Series supplementary / expression matrices (typical; verify on page)	https://www.ncbi.nlm.nih.gov/geo/query/acc.cgi?acc=GSE137105		data/GSE/GSE137105	python3 download_geo.py	
E	GSE	GSE137540	Level 2	8	1	10.1016/j.xcrm.2025.102140	GEO Series supplementary / expression matrices (typical; verify on page)	https://www.ncbi.nlm.nih.gov/geo/query/acc.cgi?acc=GSE137540		data/GSE/GSE137540	python3 download_geo.py	
E	GSE	GSE137986	Level 2	32	4	10.1016/j.cell.2022.10.021; 10.1038/s41421-025-00861-6; 10.1038/s41592-025-02817-w; 10.1186/s13059-023-03145-y	GEO Series supplementary / expression matrices (typical; verify on page)	https://www.ncbi.nlm.nih.gov/geo/query/acc.cgi?acc=GSE137986		data/GSE/GSE137986	python3 download_geo.py	
E	GSE	GSE138080	Level 2	8	1	10.1038/s41419-026-08453-2	GEO Series supplementary / expression matrices (typical; verify on page)	https://www.ncbi.nlm.nih.gov/geo/query/acc.cgi?acc=GSE138080		data/GSE/GSE138080	python3 download_geo.py	
E	GSE	GSE138522	Level 2	8	1	10.1038/s41586-025-08880-9	GEO Series supplementary / expression matrices (typical; verify on page)	https://www.ncbi.nlm.nih.gov/geo/query/acc.cgi?acc=GSE138522		data/GSE/GSE138522	python3 download_geo.py	
E	GSE	GSE141259	Level 2	8	1	10.1016/j.heliyon.2023.e22461	mtx matrix (GEO)	https://www.ncbi.nlm.nih.gov/geo/query/acc.cgi?acc=GSE141259		data/GSE/GSE141259	python3 download_geo.py	
E	GSE	GSE141730	Level 2	3	1	10.1016/j.celrep.2025.115240	h5 matrix (GEO)	https://www.ncbi.nlm.nih.gov/geo/query/acc.cgi?acc=GSE141730		data/GSE/GSE141730	python3 download_geo.py	
E	GSE	GSE142044	Level 2	8	1	10.1038/s41467-025-58614-8	GEO Series supplementary / expression matrices (typical; verify on page)	https://www.ncbi.nlm.nih.gov/geo/query/acc.cgi?acc=GSE142044		data/GSE/GSE142044	python3 download_geo.py	
E	GSE	GSE142789	Level 2	8	1	10.1038/s41467-025-58614-8	GEO Series supplementary / expression matrices (typical; verify on page)	https://www.ncbi.nlm.nih.gov/geo/query/acc.cgi?acc=GSE142789		data/GSE/GSE142789	python3 download_geo.py	
E	GSE	GSE143758	Level 2	8	1	10.1002/advs.202410081	GEO Series supplementary / expression matrices (typical; verify on page)	https://www.ncbi.nlm.nih.gov/geo/query/acc.cgi?acc=GSE143758		data/GSE/GSE143758	python3 download_geo.py	
E	GSE	GSE144	Level 2	1	1	10.1038/s41592-024-02284-9	GEO Series supplementary / expression matrices (typical; verify on page)	https://www.ncbi.nlm.nih.gov/geo/query/acc.cgi?acc=GSE144		data/GSE/GSE144	python3 download_geo.py	
E	GSE	GSE144136	Level 1+2	32	4	10.1002/advs.202413124; 10.1002/advs.202516178; 10.1038/s41467-023-36796-3; 10.1186/s13059-025-03895-x	mtx matrix (GEO); FASTQ (mentioned in GEO record)	https://www.ncbi.nlm.nih.gov/geo/query/acc.cgi?acc=GSE144136		data/GSE/GSE144136	python3 download_geo.py	
E	GSE	GSE145926	Level 2	8	1	10.1038/s41592-024-02380-w	GEO Series supplementary / expression matrices (typical; verify on page)	https://www.ncbi.nlm.nih.gov/geo/query/acc.cgi?acc=GSE145926		data/GSE/GSE145926	python3 download_geo.py	
E	GSE	GSE146035	Level 2	6	1	10.1016/j.celrep.2025.115240	GEO Series supplementary / expression matrices (typical; verify on page)	https://www.ncbi.nlm.nih.gov/geo/query/acc.cgi?acc=GSE146035		data/GSE/GSE146035	python3 download_geo.py	
E	GSE	GSE147298	Level 2	8	1	10.1038/s42003-025-08502-0	GEO Series supplementary / expression matrices (typical; verify on page)	https://www.ncbi.nlm.nih.gov/geo/query/acc.cgi?acc=GSE147298		data/GSE/GSE147298	python3 download_geo.py	
E	GSE	GSE147747	Level 2	24	3	10.1002/imt2.70084; 10.1038/s41467-023-43220-3; 10.1038/s42003-025-08810-5	GEO Series supplementary / expression matrices (typical; verify on page)	https://www.ncbi.nlm.nih.gov/geo/query/acc.cgi?acc=GSE147747		data/GSE/GSE147747	python3 download_geo.py	
E	GSE	GSE148071	Level 2	8	1	10.1126/sciadv.ady8546	GEO Series supplementary / expression matrices (typical; verify on page)	https://www.ncbi.nlm.nih.gov/geo/query/acc.cgi?acc=GSE148071		data/GSE/GSE148071	python3 download_geo.py	
E	GSE	GSE1482	Level 2	8	1	10.1002/advs.202407221	GEO Series supplementary / expression matrices (typical; verify on page)	https://www.ncbi.nlm.nih.gov/geo/query/acc.cgi?acc=GSE1482		data/GSE/GSE1482	python3 download_geo.py	
E	GSE	GSE148241	Level 2	8	1	10.1002/advs.202407221	GEO Series supplementary / expression matrices (typical; verify on page)	https://www.ncbi.nlm.nih.gov/geo/query/acc.cgi?acc=GSE148241		data/GSE/GSE148241	python3 download_geo.py	
E	GSE	GSE149457	Level 2	8	1	10.1038/s41467-022-31739-w	GEO Series supplementary / expression matrices (typical; verify on page)	https://www.ncbi.nlm.nih.gov/geo/query/acc.cgi?acc=GSE149457		data/GSE/GSE149457	python3 download_geo.py	
E	GSE	GSE151798	Level 2	8	1	10.1038/s41586-025-08880-9	GEO Series supplementary / expression matrices (typical; verify on page)	https://www.ncbi.nlm.nih.gov/geo/query/acc.cgi?acc=GSE151798		data/GSE/GSE151798	python3 download_geo.py	
E	GSE	GSE153369	Level 2	8	1	10.1186/s12974-024-03161-0	GEO Series supplementary / expression matrices (typical; verify on page)	https://www.ncbi.nlm.nih.gov/geo/query/acc.cgi?acc=GSE153369		data/GSE/GSE153369	python3 download_geo.py	
E	GSE	GSE153481	Level 2	8	1	10.1038/s41467-025-59070-0	GEO Series supplementary / expression matrices (typical; verify on page)	https://www.ncbi.nlm.nih.gov/geo/query/acc.cgi?acc=GSE153481		data/GSE/GSE153481	python3 download_geo.py	
E	GSE	GSE154107	Level 2	1	1	10.1186/s13059-023-03145-y	GEO Series supplementary / expression matrices (typical; verify on page)	https://www.ncbi.nlm.nih.gov/geo/query/acc.cgi?acc=GSE154107		data/GSE/GSE154107	python3 download_geo.py	
E	GSE	GSE155543	Level 2	4	1	10.1038/s41467-026-69518-6	GEO Series supplementary / expression matrices (typical; verify on page)	https://www.ncbi.nlm.nih.gov/geo/query/acc.cgi?acc=GSE155543		data/GSE/GSE155543	python3 download_geo.py	
E	GSE	GSE156053	Level 2	8	1	10.1016/j.xcrm.2024.101914	GEO Series supplementary / expression matrices (typical; verify on page)	https://www.ncbi.nlm.nih.gov/geo/query/acc.cgi?acc=GSE156053		data/GSE/GSE156053	python3 download_geo.py	
E	GSE	GSE156125	Level 2	8	1	10.1038/s41421-024-00740-6	GEO Series supplementary / expression matrices (typical; verify on page)	https://www.ncbi.nlm.nih.gov/geo/query/acc.cgi?acc=GSE156125		data/GSE/GSE156125	python3 download_geo.py	
E	GSE	GSE157007	Level 2	8	1	10.1126/sciadv.aeb5599	GEO Series supplementary / expression matrices (typical; verify on page)	https://www.ncbi.nlm.nih.gov/geo/query/acc.cgi?acc=GSE157007		data/GSE/GSE157007	python3 download_geo.py	
E	GSE	GSE158055	Level 2	8	1	10.1038/s41467-024-54821-x	h5 matrix (GEO); mtx matrix (GEO)	https://www.ncbi.nlm.nih.gov/geo/query/acc.cgi?acc=GSE158055		data/GSE/GSE158055	python3 download_geo.py	
E	GSE	GSE158127	Level 2	8	1	10.1126/sciadv.adz1519	h5ad matrix (GEO)	https://www.ncbi.nlm.nih.gov/geo/query/acc.cgi?acc=GSE158127		data/GSE/GSE158127	python3 download_geo.py	
E	GSE	GSE158328	Level 2	8	1	10.1002/imt2.70084	GEO Series supplementary / expression matrices (typical; verify on page)	https://www.ncbi.nlm.nih.gov/geo/query/acc.cgi?acc=GSE158328		data/GSE/GSE158328	python3 download_geo.py	
E	GSE	GSE158450	Level 2	8	1	10.1186/s13059-023-03145-y	GEO Series supplementary / expression matrices (typical; verify on page)	https://www.ncbi.nlm.nih.gov/geo/query/acc.cgi?acc=GSE158450		data/GSE/GSE158450	python3 download_geo.py	
E	GSE	GSE158485	Level 2	8	1	10.1038/s41556-026-01925-9	GEO Series supplementary / expression matrices (typical; verify on page)	https://www.ncbi.nlm.nih.gov/geo/query/acc.cgi?acc=GSE158485		data/GSE/GSE158485	python3 download_geo.py	
E	GSE	GSE158866	Level 2	2	1	10.1136/egastro-2025-100202	GEO Series supplementary / expression matrices (typical; verify on page)	https://www.ncbi.nlm.nih.gov/geo/query/acc.cgi?acc=GSE158866		data/GSE/GSE158866	python3 download_geo.py	
E	GSE	GSE158873	Level 2	4	1	10.1136/egastro-2025-100202	GEO Series supplementary / expression matrices (typical; verify on page)	https://www.ncbi.nlm.nih.gov/geo/query/acc.cgi?acc=GSE158873		data/GSE/GSE158873	python3 download_geo.py	
E	GSE	GSE161465	Level 2	6	1	10.1038/s41592-024-02380-w	h5ad matrix (GEO)	https://www.ncbi.nlm.nih.gov/geo/query/acc.cgi?acc=GSE161465		data/GSE/GSE161465	python3 download_geo.py	
E	GSE	GSE162545	Level 2	8	1	10.7150/ijbs.100941	GEO Series supplementary / expression matrices (typical; verify on page)	https://www.ncbi.nlm.nih.gov/geo/query/acc.cgi?acc=GSE162545		data/GSE/GSE162545	python3 download_geo.py	
E	GSE	GSE165141	Level 2	8	1	10.1038/s41467-026-69346-8	GEO Series supplementary / expression matrices (typical; verify on page)	https://www.ncbi.nlm.nih.gov/geo/query/acc.cgi?acc=GSE165141		data/GSE/GSE165141	python3 download_geo.py	
E	GSE	GSE166504	Level 2	8	1	10.1126/sciadv.abq0990	GEO Series supplementary / expression matrices (typical; verify on page)	https://www.ncbi.nlm.nih.gov/geo/query/acc.cgi?acc=GSE166504		data/GSE/GSE166504	python3 download_geo.py	
E	GSE	GSE169021	Level 2	8	1	10.1038/s41467-026-68500-6	GEO Series supplementary / expression matrices (typical; verify on page)	https://www.ncbi.nlm.nih.gov/geo/query/acc.cgi?acc=GSE169021		data/GSE/GSE169021	python3 download_geo.py	
E	GSE	GSE169706	Level 2	8	2	10.1038/s41467-025-64867-0; 10.1038/s41467-026-69346-8	GEO Series supplementary / expression matrices (typical; verify on page)	https://www.ncbi.nlm.nih.gov/geo/query/acc.cgi?acc=GSE169706		data/GSE/GSE169706	python3 download_geo.py	
E	GSE	GSE169749	Level 2	2	1	10.1038/s41467-023-42343-x	GEO Series supplementary / expression matrices (typical; verify on page)	https://www.ncbi.nlm.nih.gov/geo/query/acc.cgi?acc=GSE169749		data/GSE/GSE169749	python3 download_geo.py	
E	GSE	GSE171524	Level 2	8	1	10.1002/mco2.70713	GEO Series supplementary / expression matrices (typical; verify on page)	https://www.ncbi.nlm.nih.gov/geo/query/acc.cgi?acc=GSE171524		data/GSE/GSE171524	python3 download_geo.py	
E	GSE	GSE171943	Level 2	16	2	10.1016/j.crmeth.2025.101241; 10.1038/s41467-025-60575-x	GEO Series supplementary / expression matrices (typical; verify on page)	https://www.ncbi.nlm.nih.gov/geo/query/acc.cgi?acc=GSE171943		data/GSE/GSE171943	python3 download_geo.py	
E	GSE	GSE172302	Level 2	8	1	10.1016/j.celrep.2025.115240	GEO Series supplementary / expression matrices (typical; verify on page)	https://www.ncbi.nlm.nih.gov/geo/query/acc.cgi?acc=GSE172302		data/GSE/GSE172302	python3 download_geo.py	
E	GSE	GSE173778	Level 2	8	1	10.1371/journal.pcbi.1013354	GEO Series supplementary / expression matrices (typical; verify on page)	https://www.ncbi.nlm.nih.gov/geo/query/acc.cgi?acc=GSE173778		data/GSE/GSE173778	python3 download_geo.py	
E	GSE	GSE173947	Level 2	8	1	10.1016/j.cell.2026.03.051	GEO Series supplementary / expression matrices (typical; verify on page)	https://www.ncbi.nlm.nih.gov/geo/query/acc.cgi?acc=GSE173947		data/GSE/GSE173947	python3 download_geo.py	
E	GSE	GSE174440	Level 2	8	1	10.1016/j.xcrm.2025.102140	GEO Series supplementary / expression matrices (typical; verify on page)	https://www.ncbi.nlm.nih.gov/geo/query/acc.cgi?acc=GSE174440		data/GSE/GSE174440	python3 download_geo.py	
E	GSE	GSE175540	Level 2	8	1	10.1002/ctm2.70396	GEO Series supplementary / expression matrices (typical; verify on page)	https://www.ncbi.nlm.nih.gov/geo/query/acc.cgi?acc=GSE175540		data/GSE/GSE175540	python3 download_geo.py	
E	GSE	GSE176078	Level 2	32	4	10.1038/s41467-025-58511-0; 10.1038/s41467-025-60575-x; 10.1038/s41467-026-70069-z; 10.1186/s13059-025-03895-x	GEO Series supplementary / expression matrices (typical; verify on page)	https://www.ncbi.nlm.nih.gov/geo/query/acc.cgi?acc=GSE176078		data/GSE/GSE176078	python3 download_geo.py	
E	GSE	GSE178758	Level 2	8	1	10.1038/s41467-024-54821-x	GEO Series supplementary / expression matrices (typical; verify on page)	https://www.ncbi.nlm.nih.gov/geo/query/acc.cgi?acc=GSE178758		data/GSE/GSE178758	python3 download_geo.py	
E	GSE	GSE182997	Level 2	8	1	10.7554/eLife.85873	GEO Series supplementary / expression matrices (typical; verify on page)	https://www.ncbi.nlm.nih.gov/geo/query/acc.cgi?acc=GSE182997		data/GSE/GSE182997	python3 download_geo.py	
E	GSE	GSE183904	Level 2	8	1	10.1158/2159-8290.CD-24-0605	GEO Series supplementary / expression matrices (typical; verify on page)	https://www.ncbi.nlm.nih.gov/geo/query/acc.cgi?acc=GSE183904		data/GSE/GSE183904	python3 download_geo.py	
E	GSE	GSE183916	Level 2	6	1	10.1038/s41556-025-01838-z	GEO Series supplementary / expression matrices (typical; verify on page)	https://www.ncbi.nlm.nih.gov/geo/query/acc.cgi?acc=GSE183916		data/GSE/GSE183916	python3 download_geo.py	
E	GSE	GSE18391674	Level 2	1	1	10.1038/s41556-025-01838-z	GEO Series supplementary / expression matrices (typical; verify on page)	https://www.ncbi.nlm.nih.gov/geo/query/acc.cgi?acc=GSE18391674		data/GSE/GSE18391674	python3 download_geo.py	
E	GSE	GSE185261	Level 2	8	1	10.1073/pnas.2417445122	GEO Series supplementary / expression matrices (typical; verify on page)	https://www.ncbi.nlm.nih.gov/geo/query/acc.cgi?acc=GSE185261		data/GSE/GSE185261	python3 download_geo.py	
E	GSE	GSE186068	Level 2	16	2	10.1038/s41467-023-40155-7; 10.3389/fnins.2023.1170355	GEO Series supplementary / expression matrices (typical; verify on page)	https://www.ncbi.nlm.nih.gov/geo/query/acc.cgi?acc=GSE186068		data/GSE/GSE186068	python3 download_geo.py	
E	GSE	GSE186069	Level 2	8	1	10.3389/fnins.2023.1170355	mtx matrix (GEO)	https://www.ncbi.nlm.nih.gov/geo/query/acc.cgi?acc=GSE186069		data/GSE/GSE186069	python3 download_geo.py	
E	GSE	GSE188715	Level 2	8	1	10.3389/fimmu.2024.1522582	GEO Series supplementary / expression matrices (typical; verify on page)	https://www.ncbi.nlm.nih.gov/geo/query/acc.cgi?acc=GSE188715		data/GSE/GSE188715	python3 download_geo.py	
E	GSE	GSE188888	Level 2	4	1	10.1038/s41467-025-59070-0	GEO Series supplementary / expression matrices (typical; verify on page)	https://www.ncbi.nlm.nih.gov/geo/query/acc.cgi?acc=GSE188888		data/GSE/GSE188888	python3 download_geo.py	
E	GSE	GSE189357	Level 2	8	1	10.1126/sciadv.ady8546	GEO Series supplementary / expression matrices (typical; verify on page)	https://www.ncbi.nlm.nih.gov/geo/query/acc.cgi?acc=GSE189357		data/GSE/GSE189357	python3 download_geo.py	
E	GSE	GSE190225	Level 2	6	1	10.1093/bib/bbae052	GEO Series supplementary / expression matrices (typical; verify on page)	https://www.ncbi.nlm.nih.gov/geo/query/acc.cgi?acc=GSE190225		data/GSE/GSE190225	python3 download_geo.py	
E	GSE	GSE190604	Level 2	8	1	10.1093/bioinformatics/btae466	mtx matrix (GEO)	https://www.ncbi.nlm.nih.gov/geo/query/acc.cgi?acc=GSE190604		data/GSE/GSE190604	python3 download_geo.py	
E	GSE	GSE190940	Level 2	16	2	10.1093/bib/bbae250; 10.1093/nsr/nwaf030	GEO Series supplementary / expression matrices (typical; verify on page)	https://www.ncbi.nlm.nih.gov/geo/query/acc.cgi?acc=GSE190940		data/GSE/GSE190940	python3 download_geo.py	
E	GSE	GSE192741	Level 2	8	1	10.1038/s41467-026-69346-8	GEO Series supplementary / expression matrices (typical; verify on page)	https://www.ncbi.nlm.nih.gov/geo/query/acc.cgi?acc=GSE192741		data/GSE/GSE192741	python3 download_geo.py	
E	GSE	GSE193346	Level 2	7	1	10.1038/s41467-023-40155-7	GEO Series supplementary / expression matrices (typical; verify on page)	https://www.ncbi.nlm.nih.gov/geo/query/acc.cgi?acc=GSE193346		data/GSE/GSE193346	python3 download_geo.py	
E	GSE	GSE196716	Level 2	8	1	10.1038/s41556-026-01925-9	GEO Series supplementary / expression matrices (typical; verify on page)	https://www.ncbi.nlm.nih.gov/geo/query/acc.cgi?acc=GSE196716		data/GSE/GSE196716	python3 download_geo.py	
E	GSE	GSE19671664	Level 2	1	1	10.1038/s41556-026-01925-9	GEO Series supplementary / expression matrices (typical; verify on page)	https://www.ncbi.nlm.nih.gov/geo/query/acc.cgi?acc=GSE19671664		data/GSE/GSE19671664	python3 download_geo.py	
E	GSE	GSE197353	Level 2	8	1	10.1186/s13059-025-03895-x	GEO Series supplementary / expression matrices (typical; verify on page)	https://www.ncbi.nlm.nih.gov/geo/query/acc.cgi?acc=GSE197353		data/GSE/GSE197353	python3 download_geo.py	
E	GSE	GSE198353	Level 2	18	3	10.1038/s41467-026-70821-5; 10.1038/s41592-024-02316-4; 10.1101/gr.280584.125	h5 matrix (GEO)	https://www.ncbi.nlm.nih.gov/geo/query/acc.cgi?acc=GSE198353		data/GSE/GSE198353	python3 download_geo.py	
E	GSE	GSE198373	Level 2	8	1	10.1038/s41586-026-10316-x	GEO Series supplementary / expression matrices (typical; verify on page)	https://www.ncbi.nlm.nih.gov/geo/query/acc.cgi?acc=GSE198373		data/GSE/GSE198373	python3 download_geo.py	
E	GSE	GSE199308	Level 2	8	1	10.1038/s41586-023-06548-w	mtx matrix (GEO)	https://www.ncbi.nlm.nih.gov/geo/query/acc.cgi?acc=GSE199308		data/GSE/GSE199308	python3 download_geo.py	
E	GSE	GSE202601	Level 2	8	1	10.1111/acel.70288	GEO Series supplementary / expression matrices (typical; verify on page)	https://www.ncbi.nlm.nih.gov/geo/query/acc.cgi?acc=GSE202601		data/GSE/GSE202601	python3 download_geo.py	
E	GSE	GSE202920	Level 2	3	1	10.1038/s41467-026-69894-z	GEO Series supplementary / expression matrices (typical; verify on page)	https://www.ncbi.nlm.nih.gov/geo/query/acc.cgi?acc=GSE202920		data/GSE/GSE202920	python3 download_geo.py	
E	GSE	GSE203507	Level 2	8	1	10.1002/advs.202407221	GEO Series supplementary / expression matrices (typical; verify on page)	https://www.ncbi.nlm.nih.gov/geo/query/acc.cgi?acc=GSE203507		data/GSE/GSE203507	python3 download_geo.py	
E	GSE	GSE204684	Level 2	8	1	10.1038/s41586-026-10316-x	GEO Series supplementary / expression matrices (typical; verify on page)	https://www.ncbi.nlm.nih.gov/geo/query/acc.cgi?acc=GSE204684		data/GSE/GSE204684	python3 download_geo.py	
E	GSE	GSE205055	Level 2	40	5	10.1038/s41467-026-68500-6; 10.1038/s41467-026-70821-5; 10.1038/s41592-025-02817-w; 10.1093/bib/bbaf674; 10.1093/bioinformatics/btae466	GEO Series supplementary / expression matrices (typical; verify on page)	https://www.ncbi.nlm.nih.gov/geo/query/acc.cgi?acc=GSE205055		data/GSE/GSE205055	python3 download_geo.py	
E	GSE	GSE20514	Level 2	4	1	10.1186/s12974-024-03161-0	GEO Series supplementary / expression matrices (typical; verify on page)	https://www.ncbi.nlm.nih.gov/geo/query/acc.cgi?acc=GSE20514		data/GSE/GSE20514	python3 download_geo.py	
E	GSE	GSE205140	Level 2	8	1	10.1186/s12974-024-03161-0	GEO Series supplementary / expression matrices (typical; verify on page)	https://www.ncbi.nlm.nih.gov/geo/query/acc.cgi?acc=GSE205140		data/GSE/GSE205140	python3 download_geo.py	
E	GSE	GSE205448	Level 2	3	1	10.1038/s41467-026-70232-6	GEO Series supplementary / expression matrices (typical; verify on page)	https://www.ncbi.nlm.nih.gov/geo/query/acc.cgi?acc=GSE205448		data/GSE/GSE205448	python3 download_geo.py	
E	GSE	GSE206245	Level 2	8	1	10.1038/s41467-026-68500-6	GEO Series supplementary / expression matrices (typical; verify on page)	https://www.ncbi.nlm.nih.gov/geo/query/acc.cgi?acc=GSE206245		data/GSE/GSE206245	python3 download_geo.py	
E	GSE	GSE207422	Level 2	8	1	10.1038/s41421-025-00861-6	GEO Series supplementary / expression matrices (typical; verify on page)	https://www.ncbi.nlm.nih.gov/geo/query/acc.cgi?acc=GSE207422		data/GSE/GSE207422	python3 download_geo.py	
E	GSE	GSE207592	Level 2	8	1	10.1038/s41586-022-05242-7	GEO Series supplementary / expression matrices (typical; verify on page)	https://www.ncbi.nlm.nih.gov/geo/query/acc.cgi?acc=GSE207592		data/GSE/GSE207592	python3 download_geo.py	
E	GSE	GSE211485	Level 2	8	1	10.1186/s12943-025-02231-y	GEO Series supplementary / expression matrices (typical; verify on page)	https://www.ncbi.nlm.nih.gov/geo/query/acc.cgi?acc=GSE211485		data/GSE/GSE211485	python3 download_geo.py	
E	GSE	GSE212505	Level 2	8	1	10.1038/s41586-026-10316-x	GEO Series supplementary / expression matrices (typical; verify on page)	https://www.ncbi.nlm.nih.gov/geo/query/acc.cgi?acc=GSE212505		data/GSE/GSE212505	python3 download_geo.py	
E	GSE	GSE212890	Level 2	8	1	10.1002/mco2.70713	mtx matrix (GEO)	https://www.ncbi.nlm.nih.gov/geo/query/acc.cgi?acc=GSE212890		data/GSE/GSE212890	python3 download_geo.py	
E	GSE	GSE213264	Level 2	16	2	10.1038/s42003-025-09340-w; 10.1101/gr.280584.125	GEO Series supplementary / expression matrices (typical; verify on page)	https://www.ncbi.nlm.nih.gov/geo/query/acc.cgi?acc=GSE213264		data/GSE/GSE213264	python3 download_geo.py	
E	GSE	GSE213516	Level 2	8	1	10.1126/sciadv.aeb5599	GEO Series supplementary / expression matrices (typical; verify on page)	https://www.ncbi.nlm.nih.gov/geo/query/acc.cgi?acc=GSE213516		data/GSE/GSE213516	python3 download_geo.py	
E	GSE	GSE213688	Level 2	8	1	10.1038/s42003-025-08015-w	GEO Series supplementary / expression matrices (typical; verify on page)	https://www.ncbi.nlm.nih.gov/geo/query/acc.cgi?acc=GSE213688		data/GSE/GSE213688	python3 download_geo.py	
E	GSE	GSE220830	Level 2	4	1	10.1038/s41467-026-68596-w	GEO Series supplementary / expression matrices (typical; verify on page)	https://www.ncbi.nlm.nih.gov/geo/query/acc.cgi?acc=GSE220830		data/GSE/GSE220830	python3 download_geo.py	
E	GSE	GSE221571	Level 2	8	1	10.1016/j.fmre.2025.04.014	GEO Series supplementary / expression matrices (typical; verify on page)	https://www.ncbi.nlm.nih.gov/geo/query/acc.cgi?acc=GSE221571		data/GSE/GSE221571	python3 download_geo.py	
E	GSE	GSE222383	Level 2	1	1	10.3389/fcell.2023.1112062	GEO Series supplementary / expression matrices (typical; verify on page)	https://www.ncbi.nlm.nih.gov/geo/query/acc.cgi?acc=GSE222383		data/GSE/GSE222383	python3 download_geo.py	
E	GSE	GSE222987	Level 2	8	1	10.1002/mco2.70713	GEO Series supplementary / expression matrices (typical; verify on page)	https://www.ncbi.nlm.nih.gov/geo/query/acc.cgi?acc=GSE222987		data/GSE/GSE222987	python3 download_geo.py	
E	GSE	GSE223751	Level 2	7	1	10.7554/eLife.85873	GEO Series supplementary / expression matrices (typical; verify on page)	https://www.ncbi.nlm.nih.gov/geo/query/acc.cgi?acc=GSE223751		data/GSE/GSE223751	python3 download_geo.py	
E	GSE	GSE225857	Level 2	8	1	10.1101/gr.280532.125	GEO Series supplementary / expression matrices (typical; verify on page)	https://www.ncbi.nlm.nih.gov/geo/query/acc.cgi?acc=GSE225857		data/GSE/GSE225857	python3 download_geo.py	
E	GSE	GSE231496	Level 2	1	1	10.1093/bioinformatics/btag333	GEO Series supplementary / expression matrices (typical; verify on page)	https://www.ncbi.nlm.nih.gov/geo/query/acc.cgi?acc=GSE231496		data/GSE/GSE231496	python3 download_geo.py	
E	GSE	GSE232309	Level 2	8	1	10.1111/acel.70288	GEO Series supplementary / expression matrices (typical; verify on page)	https://www.ncbi.nlm.nih.gov/geo/query/acc.cgi?acc=GSE232309		data/GSE/GSE232309	python3 download_geo.py	
E	GSE	GSE233254	Level 2	8	1	10.1186/s13059-026-04063-5	GEO Series supplementary / expression matrices (typical; verify on page)	https://www.ncbi.nlm.nih.gov/geo/query/acc.cgi?acc=GSE233254		data/GSE/GSE233254	python3 download_geo.py	
E	GSE	GSE23329	Level 2	8	1	10.1186/s13059-026-04063-5	GEO Series supplementary / expression matrices (typical; verify on page)	https://www.ncbi.nlm.nih.gov/geo/query/acc.cgi?acc=GSE23329		data/GSE/GSE23329	python3 download_geo.py	
E	GSE	GSE233293	Level 2	8	1	10.1186/s13059-026-04063-5	GEO Series supplementary / expression matrices (typical; verify on page)	https://www.ncbi.nlm.nih.gov/geo/query/acc.cgi?acc=GSE233293		data/GSE/GSE233293	python3 download_geo.py	
E	GSE	GSE235495	Level 2	4	1	10.1111/nph.70160	GEO Series supplementary / expression matrices (typical; verify on page)	https://www.ncbi.nlm.nih.gov/geo/query/acc.cgi?acc=GSE235495		data/GSE/GSE235495	python3 download_geo.py	
E	GSE	GSE236475	Level 2	8	1	10.1126/sciadv.adi4777	GEO Series supplementary / expression matrices (typical; verify on page)	https://www.ncbi.nlm.nih.gov/geo/query/acc.cgi?acc=GSE236475		data/GSE/GSE236475	python3 download_geo.py	
E	GSE	GSE237308	Level 2	8	1	10.1038/s41467-023-40155-7	GEO Series supplementary / expression matrices (typical; verify on page)	https://www.ncbi.nlm.nih.gov/geo/query/acc.cgi?acc=GSE237308		data/GSE/GSE237308	python3 download_geo.py	
E	GSE	GSE237915	Level 2	8	1	10.1038/s41467-026-70047-5	GEO Series supplementary / expression matrices (typical; verify on page)	https://www.ncbi.nlm.nih.gov/geo/query/acc.cgi?acc=GSE237915		data/GSE/GSE237915	python3 download_geo.py	
E	GSE	GSE239542	Level 2	1	1	10.1038/s41592-024-02380-w	GEO Series supplementary / expression matrices (typical; verify on page)	https://www.ncbi.nlm.nih.gov/geo/query/acc.cgi?acc=GSE239542		data/GSE/GSE239542	python3 download_geo.py	
E	GSE	GSE240271	Level 2	8	1	10.1038/s42003-026-09898-z	GEO Series supplementary / expression matrices (typical; verify on page)	https://www.ncbi.nlm.nih.gov/geo/query/acc.cgi?acc=GSE240271		data/GSE/GSE240271	python3 download_geo.py	
E	GSE	GSE245469	Level 2	4	1	10.1038/s41467-026-70232-6	GEO Series supplementary / expression matrices (typical; verify on page)	https://www.ncbi.nlm.nih.gov/geo/query/acc.cgi?acc=GSE245469		data/GSE/GSE245469	python3 download_geo.py	
E	GSE	GSE246611	Level 2	8	1	10.1016/j.crmeth.2024.100763	GEO Series supplementary / expression matrices (typical; verify on page)	https://www.ncbi.nlm.nih.gov/geo/query/acc.cgi?acc=GSE246611		data/GSE/GSE246611	python3 download_geo.py	
E	GSE	GSE246791	Level 1+2	8	1	10.1038/s41467-026-70497-x	h5ad matrix (GEO); FASTQ (mentioned in GEO record)	https://www.ncbi.nlm.nih.gov/geo/query/acc.cgi?acc=GSE246791		data/GSE/GSE246791	python3 download_geo.py	
E	GSE	GSE251926	Level 2	8	1	10.1093/nargab/lqaf044	h5ad matrix (GEO)	https://www.ncbi.nlm.nih.gov/geo/query/acc.cgi?acc=GSE251926		data/GSE/GSE251926	python3 download_geo.py	
E	GSE	GSE252228	Level 2	8	1	10.1186/s13059-025-03630-6	h5 matrix (GEO)	https://www.ncbi.nlm.nih.gov/geo/query/acc.cgi?acc=GSE252228		data/GSE/GSE252228	python3 download_geo.py	
E	GSE	GSE254652	Level 2	8	1	10.1093/nargab/lqaf167	mtx matrix (GEO)	https://www.ncbi.nlm.nih.gov/geo/query/acc.cgi?acc=GSE254652		data/GSE/GSE254652	python3 download_geo.py	
E	GSE	GSE255690	Level 2	8	1	10.1186/s12916-026-04757-4	GEO Series supplementary / expression matrices (typical; verify on page)	https://www.ncbi.nlm.nih.gov/geo/query/acc.cgi?acc=GSE255690		data/GSE/GSE255690	python3 download_geo.py	
E	GSE	GSE25624	Level 2	8	1	10.1158/0008-5472.CAN-24-1509	GEO Series supplementary / expression matrices (typical; verify on page)	https://www.ncbi.nlm.nih.gov/geo/query/acc.cgi?acc=GSE25624		data/GSE/GSE25624	python3 download_geo.py	
E	GSE	GSE256318	Level 2	7	1	10.1016/j.crmeth.2024.100831	GEO Series supplementary / expression matrices (typical; verify on page)	https://www.ncbi.nlm.nih.gov/geo/query/acc.cgi?acc=GSE256318		data/GSE/GSE256318	python3 download_geo.py	
E	GSE	GSE256319	Level 2	1	1	10.1016/j.crmeth.2024.100831	GEO Series supplementary / expression matrices (typical; verify on page)	https://www.ncbi.nlm.nih.gov/geo/query/acc.cgi?acc=GSE256319		data/GSE/GSE256319	python3 download_geo.py	
E	GSE	GSE260777	Level 2	8	1	10.1038/s41467-025-56501-w	GEO Series supplementary / expression matrices (typical; verify on page)	https://www.ncbi.nlm.nih.gov/geo/query/acc.cgi?acc=GSE260777		data/GSE/GSE260777	python3 download_geo.py	
E	GSE	GSE260778	Level 2	2	1	10.1038/s41467-025-56501-w	GEO Series supplementary / expression matrices (typical; verify on page)	https://www.ncbi.nlm.nih.gov/geo/query/acc.cgi?acc=GSE260778		data/GSE/GSE260778	python3 download_geo.py	
E	GSE	GSE260779	Level 2	1	1	10.1038/s41467-025-56501-w	GEO Series supplementary / expression matrices (typical; verify on page)	https://www.ncbi.nlm.nih.gov/geo/query/acc.cgi?acc=GSE260779		data/GSE/GSE260779	python3 download_geo.py	
E	GSE	GSE262762	Level 2	8	1	10.1038/s44321-024-00074-6	GEO Series supplementary / expression matrices (typical; verify on page)	https://www.ncbi.nlm.nih.gov/geo/query/acc.cgi?acc=GSE262762		data/GSE/GSE262762	python3 download_geo.py	
E	GSE	GSE263617	Level 2	24	3	10.1038/s41467-026-70821-5; 10.1038/s41592-024-02316-4; 10.1038/s41592-026-03034-9	GEO Series supplementary / expression matrices (typical; verify on page)	https://www.ncbi.nlm.nih.gov/geo/query/acc.cgi?acc=GSE263617		data/GSE/GSE263617	python3 download_geo.py	
E	GSE	GSE264321	Level 2	5	1	10.1038/s41586-024-07563-1	GEO Series supplementary / expression matrices (typical; verify on page)	https://www.ncbi.nlm.nih.gov/geo/query/acc.cgi?acc=GSE264321		data/GSE/GSE264321	python3 download_geo.py	
E	GSE	GSE264334	Level 2	1	1	10.1038/s41586-024-07563-1	GEO Series supplementary / expression matrices (typical; verify on page)	https://www.ncbi.nlm.nih.gov/geo/query/acc.cgi?acc=GSE264334		data/GSE/GSE264334	python3 download_geo.py	
E	GSE	GSE264393	Level 2	4	1	10.1038/s41586-024-07563-1	GEO Series supplementary / expression matrices (typical; verify on page)	https://www.ncbi.nlm.nih.gov/geo/query/acc.cgi?acc=GSE264393		data/GSE/GSE264393	python3 download_geo.py	
E	GSE	GSE264623	Level 2	4	1	10.1242/dev.204346	GEO Series supplementary / expression matrices (typical; verify on page)	https://www.ncbi.nlm.nih.gov/geo/query/acc.cgi?acc=GSE264623		data/GSE/GSE264623	python3 download_geo.py	
E	GSE	GSE266556	Level 1+2	2	1	10.1038/s41592-024-02415-2	mtx matrix (GEO); FASTQ (mentioned in GEO record)	https://www.ncbi.nlm.nih.gov/geo/query/acc.cgi?acc=GSE266556		data/GSE/GSE266556	python3 download_geo.py	
E	GSE	GSE269906	Level 2	8	1	10.1038/s41467-024-54715-y	GEO Series supplementary / expression matrices (typical; verify on page)	https://www.ncbi.nlm.nih.gov/geo/query/acc.cgi?acc=GSE269906		data/GSE/GSE269906	python3 download_geo.py	
E	GSE	GSE270392	Level 2	8	1	10.1002/advs.202516178	GEO Series supplementary / expression matrices (typical; verify on page)	https://www.ncbi.nlm.nih.gov/geo/query/acc.cgi?acc=GSE270392		data/GSE/GSE270392	python3 download_geo.py	
E	GSE	GSE27162	Level 2	8	1	10.1186/s12943-025-02231-y	GEO Series supplementary / expression matrices (typical; verify on page)	https://www.ncbi.nlm.nih.gov/geo/query/acc.cgi?acc=GSE27162		data/GSE/GSE27162	python3 download_geo.py	
E	GSE	GSE274058	Level 2	5	1	10.1038/s41467-026-69677-6	GEO Series supplementary / expression matrices (typical; verify on page)	https://www.ncbi.nlm.nih.gov/geo/query/acc.cgi?acc=GSE274058		data/GSE/GSE274058	python3 download_geo.py	
E	GSE	GSE274447	Level 2	3	1	10.1038/s41467-026-69677-6	GEO Series supplementary / expression matrices (typical; verify on page)	https://www.ncbi.nlm.nih.gov/geo/query/acc.cgi?acc=GSE274447		data/GSE/GSE274447	python3 download_geo.py	
E	GSE	GSE274970	Level 2	1	1	10.1242/dev.204346	GEO Series supplementary / expression matrices (typical; verify on page)	https://www.ncbi.nlm.nih.gov/geo/query/acc.cgi?acc=GSE274970		data/GSE/GSE274970	python3 download_geo.py	
E	GSE	GSE275562	Level 2	8	1	10.1038/s41586-024-08453-2	GEO Series supplementary / expression matrices (typical; verify on page)	https://www.ncbi.nlm.nih.gov/geo/query/acc.cgi?acc=GSE275562		data/GSE/GSE275562	python3 download_geo.py	
E	GSE	GSE276193	Level 2	8	1	10.1002/advs.202417528	GEO Series supplementary / expression matrices (typical; verify on page)	https://www.ncbi.nlm.nih.gov/geo/query/acc.cgi?acc=GSE276193		data/GSE/GSE276193	python3 download_geo.py	
E	GSE	GSE276866	Level 2	8	1	10.1038/s41564-026-02286-7	GEO Series supplementary / expression matrices (typical; verify on page)	https://www.ncbi.nlm.nih.gov/geo/query/acc.cgi?acc=GSE276866		data/GSE/GSE276866	python3 download_geo.py	
E	GSE	GSE277196	Level 2	1	1	10.1038/s41564-026-02286-7	GEO Series supplementary / expression matrices (typical; verify on page)	https://www.ncbi.nlm.nih.gov/geo/query/acc.cgi?acc=GSE277196		data/GSE/GSE277196	python3 download_geo.py	
E	GSE	GSE277197	Level 2	1	1	10.1038/s41564-026-02286-7	GEO Series supplementary / expression matrices (typical; verify on page)	https://www.ncbi.nlm.nih.gov/geo/query/acc.cgi?acc=GSE277197		data/GSE/GSE277197	python3 download_geo.py	
E	GSE	GSE285362	Level 2	7	1	10.1186/s12916-026-04757-4	GEO Series supplementary / expression matrices (typical; verify on page)	https://www.ncbi.nlm.nih.gov/geo/query/acc.cgi?acc=GSE285362		data/GSE/GSE285362	python3 download_geo.py	
E	GSE	GSE288034	Level 2	8	1	10.7150/ijbs.100941	GEO Series supplementary / expression matrices (typical; verify on page)	https://www.ncbi.nlm.nih.gov/geo/query/acc.cgi?acc=GSE288034		data/GSE/GSE288034	python3 download_geo.py	
E	GSE	GSE291088	Level 2	2	1	10.1038/s41588-026-02624-9	GEO Series supplementary / expression matrices (typical; verify on page)	https://www.ncbi.nlm.nih.gov/geo/query/acc.cgi?acc=GSE291088		data/GSE/GSE291088	python3 download_geo.py	
E	GSE	GSE294759	Level 2	8	1	10.1016/j.isci.2026.115827	GEO Series supplementary / expression matrices (typical; verify on page)	https://www.ncbi.nlm.nih.gov/geo/query/acc.cgi?acc=GSE294759		data/GSE/GSE294759	python3 download_geo.py	
E	GSE	GSE296613	Level 2	4	1	10.1038/s41587-025-02866-8	GEO Series supplementary / expression matrices (typical; verify on page)	https://www.ncbi.nlm.nih.gov/geo/query/acc.cgi?acc=GSE296613		data/GSE/GSE296613	python3 download_geo.py	
E	GSE	GSE297068	Level 2	8	1	10.1016/j.cell.2026.03.051	GEO Series supplementary / expression matrices (typical; verify on page)	https://www.ncbi.nlm.nih.gov/geo/query/acc.cgi?acc=GSE297068		data/GSE/GSE297068	python3 download_geo.py	
E	GSE	GSE298021	Level 2	3	1	10.1111/pbi.70351	GEO Series supplementary / expression matrices (typical; verify on page)	https://www.ncbi.nlm.nih.gov/geo/query/acc.cgi?acc=GSE298021		data/GSE/GSE298021	python3 download_geo.py	
E	GSE	GSE29819	Level 2	8	1	10.1371/journal.pone.0349040	GEO Series supplementary / expression matrices (typical; verify on page)	https://www.ncbi.nlm.nih.gov/geo/query/acc.cgi?acc=GSE29819		data/GSE/GSE29819	python3 download_geo.py	
E	GSE	GSE298650	Level 2	5	1	10.1038/s41597-025-05838-4	GEO Series supplementary / expression matrices (typical; verify on page)	https://www.ncbi.nlm.nih.gov/geo/query/acc.cgi?acc=GSE298650		data/GSE/GSE298650	python3 download_geo.py	
E	GSE	GSE300692	Level 2	1	1	10.1038/s41467-025-62593-1	GEO Series supplementary / expression matrices (typical; verify on page)	https://www.ncbi.nlm.nih.gov/geo/query/acc.cgi?acc=GSE300692		data/GSE/GSE300692	python3 download_geo.py	
E	GSE	GSE305111	Level 2	7	1	10.1038/s41586-025-10055-5	GEO Series supplementary / expression matrices (typical; verify on page)	https://www.ncbi.nlm.nih.gov/geo/query/acc.cgi?acc=GSE305111		data/GSE/GSE305111	python3 download_geo.py	
E	GSE	GSE307496	Level 2	2	1	10.1186/s40104-025-01340-4	GEO Series supplementary / expression matrices (typical; verify on page)	https://www.ncbi.nlm.nih.gov/geo/query/acc.cgi?acc=GSE307496		data/GSE/GSE307496	python3 download_geo.py	
E	GSE	GSE309215	Level 2	2	1	10.1038/s42003-025-09118-0	GEO Series supplementary / expression matrices (typical; verify on page)	https://www.ncbi.nlm.nih.gov/geo/query/acc.cgi?acc=GSE309215		data/GSE/GSE309215	python3 download_geo.py	
E	GSE	GSE327129	Level 2	2	1	10.1038/s41467-026-72156-7	GEO Series supplementary / expression matrices (typical; verify on page)	https://www.ncbi.nlm.nih.gov/geo/query/acc.cgi?acc=GSE327129		data/GSE/GSE327129	python3 download_geo.py	
E	GSE	GSE3289	Level 2	8	1	10.3389/fimmu.2024.1522582	GEO Series supplementary / expression matrices (typical; verify on page)	https://www.ncbi.nlm.nih.gov/geo/query/acc.cgi?acc=GSE3289		data/GSE/GSE3289	python3 download_geo.py	
E	GSE	GSE32894	Level 2	8	1	10.3389/fimmu.2024.1522582	GEO Series supplementary / expression matrices (typical; verify on page)	https://www.ncbi.nlm.nih.gov/geo/query/acc.cgi?acc=GSE32894		data/GSE/GSE32894	python3 download_geo.py	
E	GSE	GSE49711	Level 2	8	1	10.1158/0008-5472.CAN-24-1509	GEO Series supplementary / expression matrices (typical; verify on page)	https://www.ncbi.nlm.nih.gov/geo/query/acc.cgi?acc=GSE49711		data/GSE/GSE49711	python3 download_geo.py	
E	GSE	GSE52529	Level 2	8	1	10.1158/2159-8290.CD-24-0605	GEO Series supplementary / expression matrices (typical; verify on page)	https://www.ncbi.nlm.nih.gov/geo/query/acc.cgi?acc=GSE52529		data/GSE/GSE52529	python3 download_geo.py	
E	GSE	GSE60361	Level 2	8	1	10.1016/j.crmeth.2026.101373	GEO Series supplementary / expression matrices (typical; verify on page)	https://www.ncbi.nlm.nih.gov/geo/query/acc.cgi?acc=GSE60361		data/GSE/GSE60361	python3 download_geo.py	
E	GSE	GSE62254	Level 2	8	1	10.1158/2159-8290.CD-24-0605	GEO Series supplementary / expression matrices (typical; verify on page)	https://www.ncbi.nlm.nih.gov/geo/query/acc.cgi?acc=GSE62254		data/GSE/GSE62254	python3 download_geo.py	
E	GSE	GSE63514	Level 2	16	2	10.1002/advs.202203040; 10.1038/s41419-026-08453-2	GEO Series supplementary / expression matrices (typical; verify on page)	https://www.ncbi.nlm.nih.gov/geo/query/acc.cgi?acc=GSE63514		data/GSE/GSE63514	python3 download_geo.py	
E	GSE	GSE71585	Level 2	8	1	10.1038/s41467-023-37168-7	GEO Series supplementary / expression matrices (typical; verify on page)	https://www.ncbi.nlm.nih.gov/geo/query/acc.cgi?acc=GSE71585		data/GSE/GSE71585	python3 download_geo.py	
E	GSE	GSE74843	Level 2	8	1	10.1158/2159-8290.CD-25-0778	GEO Series supplementary / expression matrices (typical; verify on page)	https://www.ncbi.nlm.nih.gov/geo/query/acc.cgi?acc=GSE74843		data/GSE/GSE74843	python3 download_geo.py	
E	GSE	GSE84920	Level 2	6	1	10.1038/s41592-025-02658-7	GEO Series supplementary / expression matrices (typical; verify on page)	https://www.ncbi.nlm.nih.gov/geo/query/acc.cgi?acc=GSE84920		data/GSE/GSE84920	python3 download_geo.py	
E	GSE	GSE85213	Level 2	4	1	10.1016/j.xcrm.2024.101914	GEO Series supplementary / expression matrices (typical; verify on page)	https://www.ncbi.nlm.nih.gov/geo/query/acc.cgi?acc=GSE85213		data/GSE/GSE85213	python3 download_geo.py	
E	GSE	GSE87038	Level 2	8	1	10.1016/j.patter.2024.101022	GEO Series supplementary / expression matrices (typical; verify on page)	https://www.ncbi.nlm.nih.gov/geo/query/acc.cgi?acc=GSE87038		data/GSE/GSE87038	python3 download_geo.py	
E	GSE	GSE93157	Level 2	8	1	10.1002/advs.202500216	GEO Series supplementary / expression matrices (typical; verify on page)	https://www.ncbi.nlm.nih.gov/geo/query/acc.cgi?acc=GSE93157		data/GSE/GSE93157	python3 download_geo.py	
C	SCP	SCP1039	Level 2	2	2	10.1038/s41467-023-43220-3; 10.1186/s13059-025-03697-1	h5ad/h5/Seurat (Single Cell Portal)	https://singlecell.broadinstitute.org/single_cell/study/SCP1039		data/SCP/SCP1039	login Broad SCP; download h5ad/Seurat from study page	
C	SCP	SCP1162	Level 2	1	1	10.1002/1878-0261.13373	h5ad/h5/Seurat (Single Cell Portal)	https://singlecell.broadinstitute.org/single_cell/study/SCP1162		data/SCP/SCP1162	login Broad SCP; download h5ad/Seurat from study page	
C	SCP	SCP1288	Level 2	1	1	10.1038/s41467-024-54710-3	h5ad/h5/Seurat (Single Cell Portal)	https://singlecell.broadinstitute.org/single_cell/study/SCP1288		data/SCP/SCP1288	login Broad SCP; download h5ad/Seurat from study page	
C	SCP	SCP1290	Level 2	1	1	10.1093/nar/gkaf1484	h5ad/h5/Seurat (Single Cell Portal)	https://singlecell.broadinstitute.org/single_cell/study/SCP1290		data/SCP/SCP1290	login Broad SCP; download h5ad/Seurat from study page	
C	SCP	SCP1375	Level 2	8	8	10.1002/advs.202516178; 10.1038/s41467-023-44367-9; 10.1038/s41467-026-68500-6; 10.1038/s41588-026-02624-9; 10.1038/s41592-024-02410-7; 10.1038/s41592-026-03034-9; 10.1038/s42003-026-09923-1; 10.1101/gr.280532.125	h5ad/h5/Seurat (Single Cell Portal)	https://singlecell.broadinstitute.org/single_cell/study/SCP1375		data/SCP/SCP1375	login Broad SCP; download h5ad/Seurat from study page	
C	SCP	SCP1663	Level 2	2	2	10.1093/nar/gkad801; 10.1186/s13073-026-01634-w	h5ad/h5/Seurat (Single Cell Portal)	https://singlecell.broadinstitute.org/single_cell/study/SCP1663		data/SCP/SCP1663	login Broad SCP; download h5ad/Seurat from study page	
C	SCP	SCP1830	Level 2	6	6	10.1016/j.crmeth.2025.101205; 10.1016/j.isci.2024.109009; 10.1016/j.patter.2023.100915; 10.1038/s41467-026-68500-6; 10.1038/s41467-026-71759-4; 10.1038/s41592-024-02410-7	h5ad/h5/Seurat (Single Cell Portal)	https://singlecell.broadinstitute.org/single_cell/study/SCP1830		data/SCP/SCP1830	login Broad SCP; download h5ad/Seurat from study page	
C	SCP	SCP1835	Level 2	2	2	10.1038/s41467-026-70821-5; 10.1038/s41592-024-02410-7	h5ad/h5/Seurat (Single Cell Portal)	https://singlecell.broadinstitute.org/single_cell/study/SCP1835		data/SCP/SCP1835	login Broad SCP; download h5ad/Seurat from study page	
C	SCP	SCP2162	Level 2	1	1	10.1186/s13059-025-03637-z	h5ad/h5/Seurat (Single Cell Portal)	https://singlecell.broadinstitute.org/single_cell/study/SCP2162		data/SCP/SCP2162	login Broad SCP; download h5ad/Seurat from study page	
C	SCP	SCP2170	Level 2	1	1	10.1038/s41588-026-02624-9	h5ad/h5/Seurat (Single Cell Portal)	https://singlecell.broadinstitute.org/single_cell/study/SCP2170		data/SCP/SCP2170	login Broad SCP; download h5ad/Seurat from study page	
C	SCP	SCP2176	Level 2	1	1	10.1038/s41467-024-55204-y	h5ad/h5/Seurat (Single Cell Portal)	https://singlecell.broadinstitute.org/single_cell/study/SCP2176		data/SCP/SCP2176	login Broad SCP; download h5ad/Seurat from study page	
C	SCP	SCP2203	Level 2	1	1	10.1038/s41592-024-02410-7	h5ad/h5/Seurat (Single Cell Portal)	https://singlecell.broadinstitute.org/single_cell/study/SCP2203		data/SCP/SCP2203	login Broad SCP; download h5ad/Seurat from study page	
C	SCP	SCP2601	Level 2	1	1	10.1186/s13059-025-03637-z	h5ad/h5/Seurat (Single Cell Portal)	https://singlecell.broadinstitute.org/single_cell/study/SCP2601		data/SCP/SCP2601	login Broad SCP; download h5ad/Seurat from study page	
C	SCP	SCP3	Level 2	1	1	10.1186/s40104-025-01340-4	h5ad/h5/Seurat (Single Cell Portal)	https://singlecell.broadinstitute.org/single_cell/study/SCP3		data/SCP/SCP3	login Broad SCP; download h5ad/Seurat from study page	
C	SCP	SCP354	Level 2	7	7	10.1038/s41467-024-44835-w; 10.1038/s41467-026-69346-8; 10.1038/s42003-026-09898-z; 10.1093/bib/bbac475; 10.1093/nar/gkad801; 10.1186/s12864-024-11072-w; 10.1186/s13059-023-03145-y	h5ad/h5/Seurat (Single Cell Portal)	https://singlecell.broadinstitute.org/single_cell/study/SCP354		data/SCP/SCP354	login Broad SCP; download h5ad/Seurat from study page	
C	SCP	SCP420	Level 2	1	1	10.1093/bioinformatics/btaf554	h5ad/h5/Seurat (Single Cell Portal)	https://singlecell.broadinstitute.org/single_cell/study/SCP420		data/SCP/SCP420	login Broad SCP; download h5ad/Seurat from study page	
C	SCP	SCP815	Level 2	32	32	10.1002/advs.202413124; 10.1016/j.crmeth.2024.100831; 10.1016/j.csbj.2023.11.055; 10.1016/j.xgen.2024.100565; 10.1038/s41467-022-29439-6; 10.1038/s41467-022-31739-w; 10.1038/s41467-023-42343-x; 10.1038/s41467-023-44367-9; 10.1038/s41467-024-44835-w; 10.1038/s41467-025-62988-0; 10.1038/s41467-026-70069-z; 10.1038/s41588-026-02624-9; 10.1038/s41592-024-02463-8; 10.1038/s42003-024-07165-7; 10.1038/s42003-025-08015-w; 10.1038/s42003-025-08810-5; 10.1038/s42003-026-09841-2; 10.1093/bib/bbae257; 10.1093/bib/bbae259; 10.1093/nar/gkaf1484; 10.1126/sciadv.abq0990; 10.1186/s12864-024-11072-w; 10.1186/s13059-023-03145-y; 10.1186/s13059-024-03361-0; 10.1186/s13059-025-03636-0; 10.1186/s13059-025-03697-1; 10.1186/s13059-025-03895-x; 10.1186/s13073-025-01441-9; 10.1186/s13073-026-01634-w; 10.3390/cells12040604; 10.3390/genes17030310; 10.34133/research.0390	h5ad/h5/Seurat (Single Cell Portal)	https://singlecell.broadinstitute.org/single_cell/study/SCP815		data/SCP/SCP815	login Broad SCP; download h5ad/Seurat from study page	
C	SCP	SCP948	Level 2	4	4	10.1038/s41467-026-70069-z; 10.1093/bib/bbae250; 10.1093/nsr/nwaf030; 10.1186/s12859-024-06003-1	h5ad/h5/Seurat	https://singlecell.broadinstitute.org/single_cell/study/SCP948		data/SCP/SCP948	login Broad SCP; download h5ad/Seurat from study page	
C	SCP	SCP979	Level 2	1	1	10.1186/s13059-023-03145-y	h5ad/h5/Seurat (Single Cell Portal)	https://singlecell.broadinstitute.org/single_cell/study/SCP979		data/SCP/SCP979	login Broad SCP; download h5ad/Seurat from study page	
B	STDS	STDS0000018	Level 2	1	1	10.1101/gr.280584.125	gef/h5ad/matrix (STOmics processed)	https://db.cngb.org/stomics/datasets/STDS0000018		data/STDS/STDS0000018	login CNGBdb; download gef/h5ad from dataset page	
B	STDS	STDS0000021	Level 2	1	1	10.1101/gr.280584.125	gef/h5ad/matrix (STOmics processed)	https://db.cngb.org/stomics/datasets/STDS0000021		data/STDS/STDS0000021	login CNGBdb; download gef/h5ad from dataset page	
B	STDS	STDS0000052	Level 2	1	1	10.1101/gr.280584.125	gef/h5ad/matrix (STOmics processed)	https://db.cngb.org/stomics/datasets/STDS0000052		data/STDS/STDS0000052	login CNGBdb; download gef/h5ad from dataset page	
B	STDS	STDS0000056	Level 2	120	3	10.1016/j.crmeth.2026.101373; 10.1093/bib/bbaf644; 10.1371/journal.pcbi.1014346	gef/h5ad/matrix (STOmics processed)	https://db.cngb.org/stomics/datasets/STDS0000056		data/STDS/STDS0000056	login CNGBdb; download gef/h5ad from dataset page	
B	STDS	STDS0000057	Level 2	60	3	10.1038/s41467-023-37168-7; 10.1093/nar/gkaf1484; 10.1371/journal.pcbi.1013354	gef/h5ad/matrix (STOmics processed)	https://db.cngb.org/stomics/datasets/STDS0000057		data/STDS/STDS0000057	login CNGBdb; download gef/h5ad from dataset page	
B	STDS	STDS0000058	Level 2	1610	23	10.1016/j.cell.2022.10.021; 10.1038/s41420-023-01569-w; 10.1038/s41467-023-40155-7; 10.1038/s41467-023-42343-x; 10.1038/s41467-023-44367-9; 10.1038/s41467-025-61476-9; 10.1038/s41467-025-64867-0; 10.1038/s41586-025-08757-x; 10.1038/s41592-024-02463-8; 10.1038/s42003-025-07965-5; 10.1038/s42003-025-08015-w; 10.1038/s42003-025-08502-0; 10.1038/s42003-026-09841-2; 10.1093/bib/bbaf644; 10.1093/bioinformatics/btae466; 10.1093/gigascience/giad097; 10.1093/gigascience/giae042; 10.1093/nar/gkad801; 10.1093/nar/gkad933; 10.1101/gr.280532.125; 10.1186/s13059-025-03697-1; 10.1186/s13059-025-03895-x; 10.3390/cells12040604	gef/h5ad/matrix (STOmics processed)	https://db.cngb.org/stomics/datasets/STDS0000058		data/STDS/STDS0000058	login CNGBdb; download gef/h5ad from dataset page	
B	STDS	STDS0000060	Level 2	5	1	10.1038/s41467-024-51935-0	gef/h5ad/matrix (STOmics processed)	https://db.cngb.org/stomics/datasets/STDS0000060		data/STDS/STDS0000060	login CNGBdb; download gef/h5ad from dataset page	
B	STDS	STDS0000062	Level 2	3	1	10.3389/fgene.2022.858808	gef/h5ad/matrix (STOmics processed)	https://db.cngb.org/stomics/datasets/STDS0000062		data/STDS/STDS0000062	login CNGBdb; download gef/h5ad from dataset page	
B	STDS	STDS0000104	Level 2	30	1	10.1038/s41598-026-44501-9	gef/h5ad/matrix (STOmics processed)	https://db.cngb.org/stomics/datasets/STDS0000104		data/STDS/STDS0000104	login CNGBdb; download gef/h5ad from dataset page	
B	STDS	STDS0000139	Level 2	2	1	10.3389/fcell.2022.878346	gef/h5ad/matrix (STOmics processed)	https://db.cngb.org/stomics/datasets/STDS0000139		data/STDS/STDS0000139	login CNGBdb; download gef/h5ad from dataset page	
B	STDS	STDS0000140	Level 2	1	1	10.1038/s41467-022-34413-3	gef/h5ad/matrix (STOmics processed)	https://db.cngb.org/stomics/datasets/STDS0000140		data/STDS/STDS0000140	login CNGBdb; download gef/h5ad from dataset page	
B	STDS	STDS0000149	Level 2	3	1	10.1093/bioinformatics/btae663	gef/h5ad/matrix (STOmics processed)	https://db.cngb.org/stomics/datasets/STDS0000149		data/STDS/STDS0000149	login CNGBdb; download gef/h5ad from dataset page	
B	STDS	STDS0000172	Level 2	60	1	10.1002/imt2.70084	gef/h5ad/matrix (STOmics processed)	https://db.cngb.org/stomics/datasets/STDS0000172		data/STDS/STDS0000172	login CNGBdb; download gef/h5ad from dataset page	
B	STDS	STDS0000218	Level 2	8	1	10.1101/gr.280584.125	gef/h5ad/matrix (STOmics processed)	https://db.cngb.org/stomics/datasets/STDS0000218		data/STDS/STDS0000218	login CNGBdb; download gef/h5ad from dataset page	
B	STDS	STDS0000227	Level 2	1	1	10.1038/s42003-024-07037-0	gef/h5ad/matrix (STOmics processed)	https://db.cngb.org/stomics/datasets/STDS0000227		data/STDS/STDS0000227	login CNGBdb; download gef/h5ad from dataset page	
B	STDS	STDS0000234	Level 2	1	1	10.1186/s13059-025-03630-6	gef/h5ad/matrix (STOmics processed)	https://db.cngb.org/stomics/datasets/STDS0000234		data/STDS/STDS0000234	login CNGBdb; download gef/h5ad from dataset page	
B	STDS	STDS0000242	Level 2	1	1	10.1038/s41467-025-62793-9	gef/h5ad/matrix (STOmics processed)	https://db.cngb.org/stomics/datasets/STDS0000242		data/STDS/STDS0000242	login CNGBdb; download gef/h5ad from dataset page	
B	STDS	STDS0000243	Level 2	1	1	10.1038/s41422-026-01246-4	gef/h5ad/matrix (STOmics processed)	https://db.cngb.org/stomics/datasets/STDS0000243		data/STDS/STDS0000243	login CNGBdb; download gef/h5ad from dataset page	
B	STDS	STDS0000249	Level 2	1	1	10.1038/s41467-025-67492-z	gef/h5ad/matrix (STOmics processed)	https://db.cngb.org/stomics/datasets/STDS0000249		data/STDS/STDS0000249	login CNGBdb; download gef/h5ad from dataset page	
B	STDS	STDS0000377	Level 2	2	1	10.1073/pnas.2511701122	gef/h5ad/matrix (STOmics processed)	https://db.cngb.org/stomics/datasets/STDS0000377		data/STDS/STDS0000377	login CNGBdb; download gef/h5ad from dataset page	
B	STDS	STDS0000390	Level 2	8	1	10.1126/sciadv.aed1407	gef/h5ad/matrix (STOmics processed)	https://db.cngb.org/stomics/datasets/STDS0000390		data/STDS/STDS0000390	login CNGBdb; download gef/h5ad from dataset page	
